Feature,Importance
法官评分 (Judge Skill),0.9283508745802344
年龄 (Age),0.04420621899524741
行业背景 (Industry),0.027442906424518115
