Contestant,Season,Percent_Regime_%,Rank_Regime_%,Rank+Save_Regime_%
Jerry Rice,2,66.66666666666666,55.55555555555556,55.55555555555556
Billy Ray Cyrus,4,60.0,49.5,60.0
Bristol Palin,11,63.63636363636365,54.0909090909091,54.54545454545456
Bobby Bones,27,66.66666666666666,65.99999999999999,66.58333333333331
