width_mean,width_median,width_std,width_q25,width_q75
0.8101832143531419,0.988950276243094,0.29700863615067086,0.6185654906595164,1.0
