Scheme,Avg_Judge_Influence
rank,-0.01827035005839926
percent,0.31664702980273457
