Scheme,Volatility,Judge_Influence
percent,0.04065085589567974,0.31664702980273446
rank,0.029099953567042085,-0.018270350058399307
