Season,Scheme,Judge_Fan_Corr,Vote_Spread
1,rank,0.8798989632474089,0.09959627563396826
2,rank,0.8176265939117757,0.07363929152898505
28,rank,0.6568081187844937,0.06046414336146705
29,rank,0.7423511624268336,0.05243483013856793
30,rank,0.7830853912709381,0.052009820868317506
31,rank,0.748570662433082,0.052951283810724226
32,rank,0.7174416394643891,0.0507502278982765
33,rank,0.8483707265425937,0.049854655807471844
34,rank,0.7470837235127428,0.04452048526635968
