Scheme,mean,std,max
rank,0.029099953567042085,0.01912390328670118,0.11330608923878731
